1380,秋川牧園,JASDAQｽﾀﾝﾀﾞｰﾄﾞ,水産
1381,アクシーズ,JASDAQｽﾀﾝﾀﾞｰﾄﾞ,水産
1382,ホーブ,JASDAQｽﾀﾝﾀﾞｰﾄﾞ,水産
1383,ベルグアース,JASDAQｽﾀﾝﾀﾞｰﾄﾞ,水産
1400,ルーデン・ホールディングス,JASDAQｸﾞﾛｰｽ,建設
1407,ウエストホールディングス,JASDAQｽﾀﾝﾀﾞｰﾄﾞ,建設
1408,サムシングホールディングス,JASDAQｸﾞﾛｰｽ,建設
1418,インターライフホールディングス,JASDAQｽﾀﾝﾀﾞｰﾄﾞ,建設
1439,安江工務店,JASDAQｽﾀﾝﾀﾞｰﾄﾞ,建設
1716,第一カッター興業,JASDAQｽﾀﾝﾀﾞｰﾄﾞ,建設
1717,明豊ファシリティワークス,JASDAQｽﾀﾝﾀﾞｰﾄﾞ,建設
1718,美樹工業,JASDAQｽﾀﾝﾀﾞｰﾄﾞ,建設
1723,日本電技,JASDAQｽﾀﾝﾀﾞｰﾄﾞ,建設
1724,シンクレイヤ,JASDAQｽﾀﾝﾀﾞｰﾄﾞ,建設
1728,ミサワホーム中国,JASDAQｽﾀﾝﾀﾞｰﾄﾞ,建設
1730,麻生フオームクリート,JASDAQｽﾀﾝﾀﾞｰﾄﾞ,建設
1736,オーテック,JASDAQｽﾀﾝﾀﾞｰﾄﾞ,建設
1739,シード平和,JASDAQｸﾞﾛｰｽ,建設
1758,太洋基礎工業,JASDAQｽﾀﾝﾀﾞｰﾄﾞ,建設
1770,藤田エンジニアリング,JASDAQｽﾀﾝﾀﾞｰﾄﾞ,建設
1782,常磐開発,JASDAQｽﾀﾝﾀﾞｰﾄﾞ,建設
1783,アジアゲートホールディングス,JASDAQｽﾀﾝﾀﾞｰﾄﾞ,建設
1787,ナカボーテック,JASDAQｽﾀﾝﾀﾞｰﾄﾞ,建設
1788,三東工業社,JASDAQｽﾀﾝﾀﾞｰﾄﾞ,建設
1789,山加電業,JASDAQｽﾀﾝﾀﾞｰﾄﾞ,建設
1793,大本組,JASDAQｽﾀﾝﾀﾞｰﾄﾞ,建設
1795,マサル,JASDAQｽﾀﾝﾀﾞｰﾄﾞ,建設
1798,守谷商会,JASDAQｽﾀﾝﾀﾞｰﾄﾞ,建設
1799,第一建設工業,JASDAQｽﾀﾝﾀﾞｰﾄﾞ,建設
1807,佐藤渡辺,JASDAQｽﾀﾝﾀﾞｰﾄﾞ,建設
1841,サンユー建設,JASDAQｽﾀﾝﾀﾞｰﾄﾞ,建設
1904,大成温調,JASDAQｽﾀﾝﾀﾞｰﾄﾞ,建設
1905,テノックス,JASDAQｽﾀﾝﾀﾞｰﾄﾞ,建設
1906,細田工務店,JASDAQｽﾀﾝﾀﾞｰﾄﾞ,建設
1981,協和日成,JASDAQｽﾀﾝﾀﾞｰﾄﾞ,建設
1984,三信建設工業,JASDAQｽﾀﾝﾀﾞｰﾄﾞ,建設
1992,神田通信機,JASDAQｽﾀﾝﾀﾞｰﾄﾞ,建設
1994,高橋カーテンウォール工業,JASDAQｽﾀﾝﾀﾞｰﾄﾞ,建設
1997,暁飯島工業,JASDAQｽﾀﾝﾀﾞｰﾄﾞ,建設
2134,燦キャピタルマネージメント,JASDAQｽﾀﾝﾀﾞｰﾄﾞ,サービス業
2136,ヒップ,JASDAQｽﾀﾝﾀﾞｰﾄﾞ,サービス業
2138,クルーズ,JASDAQｽﾀﾝﾀﾞｰﾄﾞ,サービス業
2144,やまねメディカル,JASDAQｸﾞﾛｰｽ,サービス業
2146,ＵＴグループ,JASDAQｽﾀﾝﾀﾞｰﾄﾞ,サービス業
2152,幼児活動研究会,JASDAQｽﾀﾝﾀﾞｰﾄﾞ,サービス業
2156,セーラー広告,JASDAQｽﾀﾝﾀﾞｰﾄﾞ,サービス業
2162,ｎｍｓ　ホールディングス,JASDAQｽﾀﾝﾀﾞｰﾄﾞ,サービス業
2163,アルトナー,JASDAQｽﾀﾝﾀﾞｰﾄﾞ,サービス業
2164,地域新聞社,JASDAQｸﾞﾛｰｽ,サービス業
2173,博展,JASDAQｸﾞﾛｰｽ,サービス業
2176,イナリサーチ,JASDAQｽﾀﾝﾀﾞｰﾄﾞ,サービス業
2179,成学社,JASDAQｽﾀﾝﾀﾞｰﾄﾞ,サービス業
2180,サニーサイドアップ,JASDAQｸﾞﾛｰｽ,サービス業
2185,シイエム・シイ,JASDAQｽﾀﾝﾀﾞｰﾄﾞ,サービス業
2186,ソーバル,JASDAQｽﾀﾝﾀﾞｰﾄﾞ,サービス業
2191,テラ,JASDAQｽﾀﾝﾀﾞｰﾄﾞ,サービス業
2195,アミタホールディングス,JASDAQｸﾞﾛｰｽ,サービス業
2221,岩塚製菓,JASDAQｽﾀﾝﾀﾞｰﾄﾞ,食品
2224,コモ,JASDAQｽﾀﾝﾀﾞｰﾄﾞ,食品
2226,湖池屋,JASDAQｽﾀﾝﾀﾞｰﾄﾞ,食品
2228,シベール,JASDAQｽﾀﾝﾀﾞｰﾄﾞ,食品
2268,Ｂ- Ｒ　サーティワン　アイスクリーム,JASDAQｽﾀﾝﾀﾞｰﾄﾞ,食品
2293,滝沢ハム,JASDAQｽﾀﾝﾀﾞｰﾄﾞ,食品
2294,柿安本店,JASDAQｽﾀﾝﾀﾞｰﾄﾞ,食品
2300,きょくとう,JASDAQｽﾀﾝﾀﾞｰﾄﾞ,サービス業
2303,ドーン,JASDAQｽﾀﾝﾀﾞｰﾄﾞ,サービス業
2304,ＣＳＳホールディングス,JASDAQｽﾀﾝﾀﾞｰﾄﾞ,サービス業
2307,クロスキャット,JASDAQｽﾀﾝﾀﾞｰﾄﾞ,サービス業
2311,エプコ,JASDAQｽﾀﾝﾀﾞｰﾄﾞ,サービス業
2315,カイカ,JASDAQｽﾀﾝﾀﾞｰﾄﾞ,サービス業
2321,ソフトフロントホールディングス,JASDAQｸﾞﾛｰｽ,サービス業
2323,ｆｏｎｆｕｎ,JASDAQｽﾀﾝﾀﾞｰﾄﾞ,サービス業
2329,東北新社,JASDAQｽﾀﾝﾀﾞｰﾄﾞ,サービス業
2330,フォーサイド,JASDAQｽﾀﾝﾀﾞｰﾄﾞ,サービス業
2332,クエスト,JASDAQｽﾀﾝﾀﾞｰﾄﾞ,サービス業
2340,極楽湯ホールディングス,JASDAQｽﾀﾝﾀﾞｰﾄﾞ,サービス業
2341,アルバイトタイムス,JASDAQｽﾀﾝﾀﾞｰﾄﾞ,サービス業
2344,平安レイサービス,JASDAQｽﾀﾝﾀﾞｰﾄﾞ,サービス業
2349,エヌアイデイ,JASDAQｽﾀﾝﾀﾞｰﾄﾞ,サービス業
2362,夢真ホールディングス,JASDAQｽﾀﾝﾀﾞｰﾄﾞ,サービス業
2373,ケア２１,JASDAQｽﾀﾝﾀﾞｰﾄﾞ,サービス業
2388,ウェッジホールディングス,JASDAQｸﾞﾛｰｽ,その他金融
2391,プラネット,JASDAQｽﾀﾝﾀﾞｰﾄﾞ,サービス業
2406,アルテ　サロン　ホールディングス,JASDAQｽﾀﾝﾀﾞｰﾄﾞ,サービス業
2408,ＫＧ情報,JASDAQｽﾀﾝﾀﾞｰﾄﾞ,サービス業
2411,ゲンダイエージェンシー,JASDAQｽﾀﾝﾀﾞｰﾄﾞ,サービス業
2415,ヒューマンホールディングス,JASDAQｽﾀﾝﾀﾞｰﾄﾞ,サービス業
2425,ケアサービス,JASDAQｸﾞﾛｰｽ,サービス業
2435,シダー,JASDAQｽﾀﾝﾀﾞｰﾄﾞ,サービス業
2436,共同ピーアール,JASDAQｽﾀﾝﾀﾞｰﾄﾞ,サービス業
2437,シンワアートオークション,JASDAQｽﾀﾝﾀﾞｰﾄﾞ,サービス業
2449,プラップジャパン,JASDAQｽﾀﾝﾀﾞｰﾄﾞ,サービス業
2454,オールアバウト,JASDAQｽﾀﾝﾀﾞｰﾄﾞ,サービス業
2458,夢テクノロジー,JASDAQｽﾀﾝﾀﾞｰﾄﾞ,サービス業
2469,ヒビノ,JASDAQｽﾀﾝﾀﾞｰﾄﾞ,サービス業
2471,エスプール,JASDAQｽﾀﾝﾀﾞｰﾄﾞ,サービス業
2479,ジェイテック,JASDAQｸﾞﾛｰｽ,サービス業
2480,システム・ロケーション,JASDAQｽﾀﾝﾀﾞｰﾄﾞ,サービス業
2481,タウンニュース社,JASDAQｽﾀﾝﾀﾞｰﾄﾞ,サービス業
2483,翻訳センター,JASDAQｽﾀﾝﾀﾞｰﾄﾞ,サービス業
2484,夢の街創造委員会,JASDAQｽﾀﾝﾀﾞｰﾄﾞ,サービス業
2488,日本サード・パーティ,JASDAQｽﾀﾝﾀﾞｰﾄﾞ,サービス業
2493,イーサポートリンク,JASDAQｽﾀﾝﾀﾞｰﾄﾞ,サービス業
2498,ＡＣＫグループ,JASDAQｽﾀﾝﾀﾞｰﾄﾞ,サービス業
2653,イオン九州,JASDAQｽﾀﾝﾀﾞｰﾄﾞ,小売業
2656,ベクター,JASDAQｽﾀﾝﾀﾞｰﾄﾞ,小売業
2666,オートウェーブ,JASDAQｽﾀﾝﾀﾞｰﾄﾞ,小売業
2667,イメージ　ワン,JASDAQｽﾀﾝﾀﾞｰﾄﾞ,商社
2669,カネ美食品,JASDAQｽﾀﾝﾀﾞｰﾄﾞ,小売業
2673,夢みつけ隊,JASDAQｽﾀﾝﾀﾞｰﾄﾞ,小売業
2693,ＹＫＴ,JASDAQｽﾀﾝﾀﾞｰﾄﾞ,商社
2694,ジー・テイスト,JASDAQｽﾀﾝﾀﾞｰﾄﾞ,サービス業
2700,木徳神糧,JASDAQｽﾀﾝﾀﾞｰﾄﾞ,商社
2702,日本マクドナルドホールディングス,JASDAQｽﾀﾝﾀﾞｰﾄﾞ,サービス業
2703,日本ライトン,JASDAQｽﾀﾝﾀﾞｰﾄﾞ,商社
2705,大戸屋ホールディングス,JASDAQｽﾀﾝﾀﾞｰﾄﾞ,サービス業
2706,ブロッコリー,JASDAQｽﾀﾝﾀﾞｰﾄﾞ,その他製造業
2708,久世,JASDAQｽﾀﾝﾀﾞｰﾄﾞ,商社
2714,プラマテルズ,JASDAQｽﾀﾝﾀﾞｰﾄﾞ,商社
2721,ジェイホールディングス,JASDAQｽﾀﾝﾀﾞｰﾄﾞ,商社
2722,アイケイ,JASDAQｽﾀﾝﾀﾞｰﾄﾞ,小売業
2736,サダマツ,JASDAQｽﾀﾝﾀﾞｰﾄﾞ,小売業
2743,ピクセルカンパニーズ,JASDAQｽﾀﾝﾀﾞｰﾄﾞ,商社
2747,北雄ラッキー,JASDAQｽﾀﾝﾀﾞｰﾄﾞ,小売業
2750,石光商事,JASDAQｽﾀﾝﾀﾞｰﾄﾞ,商社
2751,テンポスバスターズ,JASDAQｽﾀﾝﾀﾞｰﾄﾞ,商社
2752,フジオフードシステム,JASDAQｽﾀﾝﾀﾞｰﾄﾞ,サービス業
2754,東葛ホールディングス,JASDAQｽﾀﾝﾀﾞｰﾄﾞ,商社
2761,トシン・グループ,JASDAQｽﾀﾝﾀﾞｰﾄﾞ,商社
2763,エフティグループ,JASDAQｽﾀﾝﾀﾞｰﾄﾞ,商社
2769,ヴィレッジヴァンガードコーポレーション,JASDAQｽﾀﾝﾀﾞｰﾄﾞ,小売業
2773,ミューチュアル,JASDAQｽﾀﾝﾀﾞｰﾄﾞ,機械
2776,クリムゾン,JASDAQｽﾀﾝﾀﾞｰﾄﾞ,商社
2777,カッシーナ・イクスシー,JASDAQｽﾀﾝﾀﾞｰﾄﾞ,商社
2778,パレモ,JASDAQｽﾀﾝﾀﾞｰﾄﾞ,小売業
2782,セリア,JASDAQｽﾀﾝﾀﾞｰﾄﾞ,小売業
2789,カルラ,JASDAQｽﾀﾝﾀﾞｰﾄﾞ,サービス業
2790,ナフコ,JASDAQｽﾀﾝﾀﾞｰﾄﾞ,小売業
2795,日本プリメックス,JASDAQｽﾀﾝﾀﾞｰﾄﾞ,商社
2813,和弘食品,JASDAQｽﾀﾝﾀﾞｰﾄﾞ,食品
2814,佐藤食品工業,JASDAQｽﾀﾝﾀﾞｰﾄﾞ,食品
2820,やまみ,JASDAQｽﾀﾝﾀﾞｰﾄﾞ,食品
2876,ジェーシー・コムサ,JASDAQｽﾀﾝﾀﾞｰﾄﾞ,食品
2877,日東ベスト,JASDAQｽﾀﾝﾀﾞｰﾄﾞ,食品
2901,石垣食品,JASDAQｽﾀﾝﾀﾞｰﾄﾞ,食品
2905,オーケー食品工業,JASDAQｽﾀﾝﾀﾞｰﾄﾞ,食品
2916,仙波糖化工業,JASDAQｽﾀﾝﾀﾞｰﾄﾞ,食品
2917,大森屋,JASDAQｽﾀﾝﾀﾞｰﾄﾞ,食品
2927,ＡＦＣ- ＨＤアムスライフサイエンス,JASDAQｽﾀﾝﾀﾞｰﾄﾞ,食品
3020,アプライド,JASDAQｽﾀﾝﾀﾞｰﾄﾞ,小売業
3024,クリエイト,JASDAQｽﾀﾝﾀﾞｰﾄﾞ,商社
3035,ケイティケイ,JASDAQｽﾀﾝﾀﾞｰﾄﾞ,商社
3042,セキュアヴェイル,JASDAQｸﾞﾛｰｽ,サービス業
3054,ハイパー,JASDAQｽﾀﾝﾀﾞｰﾄﾞ,商社
3058,三洋堂ホールディングス,JASDAQｽﾀﾝﾀﾞｰﾄﾞ,小売業
3065,ライフフーズ,JASDAQｽﾀﾝﾀﾞｰﾄﾞ,サービス業
3068,ＷＤＩ,JASDAQｽﾀﾝﾀﾞｰﾄﾞ,サービス業
3069,アスラポート・ダイニング,JASDAQｽﾀﾝﾀﾞｰﾄﾞ,サービス業
3070,アマガサ,JASDAQｸﾞﾛｰｽ,商社
3075,銚子丸,JASDAQｽﾀﾝﾀﾞｰﾄﾞ,サービス業
3077,ホリイフードサービス,JASDAQｽﾀﾝﾀﾞｰﾄﾞ,サービス業
3080,ジェーソン,JASDAQｽﾀﾝﾀﾞｰﾄﾞ,小売業
3083,シーズメン,JASDAQｽﾀﾝﾀﾞｰﾄﾞ,小売業
3089,テクノアルファ,JASDAQｽﾀﾝﾀﾞｰﾄﾞ,商社
3094,スーパーバリュー,JASDAQｽﾀﾝﾀﾞｰﾄﾞ,小売業
3096,オーシャンシステム,JASDAQｽﾀﾝﾀﾞｰﾄﾞ,小売業
3131,シンデン・ハイテックス,JASDAQｽﾀﾝﾀﾞｰﾄﾞ,商社
3140,イデアインターナショナル,JASDAQｸﾞﾛｰｽ,商社
3150,グリムス,JASDAQｽﾀﾝﾀﾞｰﾄﾞ,商社
3165,フーマイスターエレクトロニクス,JASDAQｽﾀﾝﾀﾞｰﾄﾞ,商社
3171,マックスバリュ九州,JASDAQｽﾀﾝﾀﾞｰﾄﾞ,小売業
3174,ハピネス・アンド・ディ,JASDAQｽﾀﾝﾀﾞｰﾄﾞ,小売業
3177,ありがとうサービス,JASDAQｽﾀﾝﾀﾞｰﾄﾞ,小売業
3181,買取王国,JASDAQｽﾀﾝﾀﾞｰﾄﾞ,小売業
3189,ＡＮＡＰ,JASDAQｽﾀﾝﾀﾞｰﾄﾞ,小売業
3190,ホットマン,JASDAQｽﾀﾝﾀﾞｰﾄﾞ,小売業
3192,白鳩,JASDAQｽﾀﾝﾀﾞｰﾄﾞ,小売業
3223,エスエルディー,JASDAQｽﾀﾝﾀﾞｰﾄﾞ,サービス業
3236,プロパスト,JASDAQｽﾀﾝﾀﾞｰﾄﾞ,不動産
3242,アーバネットコーポレーション,JASDAQｽﾀﾝﾀﾞｰﾄﾞ,不動産
3264,アスコット,JASDAQｽﾀﾝﾀﾞｰﾄﾞ,不動産
3266,ファンドクリエーショングループ,JASDAQｽﾀﾝﾀﾞｰﾄﾞ,その他金融
3275,ハウスコム,JASDAQｽﾀﾝﾀﾞｰﾄﾞ,不動産
3293,アズマハウス,JASDAQｽﾀﾝﾀﾞｰﾄﾞ,不動産
3297,東武住販,JASDAQｽﾀﾝﾀﾞｰﾄﾞ,不動産
3316,東京日産コンピュータシステム,JASDAQｽﾀﾝﾀﾞｰﾄﾞ,商社
3317,フライングガーデン,JASDAQｽﾀﾝﾀﾞｰﾄﾞ,サービス業
3318,メガネスーパー,JASDAQｽﾀﾝﾀﾞｰﾄﾞ,小売業
3322,アルファグループ,JASDAQｽﾀﾝﾀﾞｰﾄﾞ,商社
3323,レカム,JASDAQｽﾀﾝﾀﾞｰﾄﾞ,商社
3326,ランシステム,JASDAQｽﾀﾝﾀﾞｰﾄﾞ,サービス業
3329,東和フードサービス,JASDAQｽﾀﾝﾀﾞｰﾄﾞ,サービス業
3344,ワンダーコーポレーション,JASDAQｽﾀﾝﾀﾞｰﾄﾞ,小売業
3350,レッド・プラネット・ジャパン,JASDAQｽﾀﾝﾀﾞｰﾄﾞ,商社
3352,バッファロー,JASDAQｽﾀﾝﾀﾞｰﾄﾞ,小売業
3353,メディカル一光,JASDAQｽﾀﾝﾀﾞｰﾄﾞ,小売業
3356,テリロジー,JASDAQｽﾀﾝﾀﾞｰﾄﾞ,商社
3358,ワイエスフード,JASDAQｽﾀﾝﾀﾞｰﾄﾞ,サービス業
3370,フジタコーポレーション,JASDAQｽﾀﾝﾀﾞｰﾄﾞ,サービス業
3374,内外テック,JASDAQｽﾀﾝﾀﾞｰﾄﾞ,商社
3375,ＺＯＡ,JASDAQｽﾀﾝﾀﾞｰﾄﾞ,小売業
3386,コスモ・バイオ,JASDAQｽﾀﾝﾀﾞｰﾄﾞ,商社
3390,ＩＮＥＳＴ,JASDAQｽﾀﾝﾀﾞｰﾄﾞ,商社
3399,丸千代山岡家,JASDAQｽﾀﾝﾀﾞｰﾄﾞ,サービス業
3417,大木ヘルスケアホールディングス,JASDAQｽﾀﾝﾀﾞｰﾄﾞ,商社
3423,エスイー,JASDAQｽﾀﾝﾀﾞｰﾄﾞ,非鉄金属及び金属製品
3424,ミヤコ,JASDAQｽﾀﾝﾀﾞｰﾄﾞ,非鉄金属及び金属製品
3426,アトムリビンテック,JASDAQｽﾀﾝﾀﾞｰﾄﾞ,非鉄金属及び金属製品
3437,特殊電極,JASDAQｽﾀﾝﾀﾞｰﾄﾞ,非鉄金属及び金属製品
3439,三ツ知,JASDAQｽﾀﾝﾀﾞｰﾄﾞ,非鉄金属及び金属製品
3441,山王,JASDAQｽﾀﾝﾀﾞｰﾄﾞ,非鉄金属及び金属製品
3444,菊池製作所,JASDAQｽﾀﾝﾀﾞｰﾄﾞ,非鉄金属及び金属製品
3464,プロパティエージェント,JASDAQｽﾀﾝﾀﾞｰﾄﾞ,不動産
3469,デュアルタップ,JASDAQｽﾀﾝﾀﾞｰﾄﾞ,不動産
3515,フジコー,JASDAQｽﾀﾝﾀﾞｰﾄﾞ,繊維
3536,アクサスホールディングス,JASDAQｽﾀﾝﾀﾞｰﾄﾞ,小売業
3537,昭栄薬品,JASDAQｽﾀﾝﾀﾞｰﾄﾞ,商社
3538,ウイルプラスホールディングス,JASDAQｽﾀﾝﾀﾞｰﾄﾞ,小売業
3560,ほぼ日,JASDAQｽﾀﾝﾀﾞｰﾄﾞ,小売業
3562,Ｎｏ．１,JASDAQｽﾀﾝﾀﾞｰﾄﾞ,商社
3625,テックファームホールディングス,JASDAQｸﾞﾛｰｽ,サービス業
3633,ＧＭＯペパボ,JASDAQｽﾀﾝﾀﾞｰﾄﾞ,サービス業
3641,パピレス,JASDAQｽﾀﾝﾀﾞｰﾄﾞ,サービス業
3670,協立情報通信,JASDAQｽﾀﾝﾀﾞｰﾄﾞ,サービス業
3677,システム情報,JASDAQｽﾀﾝﾀﾞｰﾄﾞ,サービス業
3710,ジョルダン,JASDAQｽﾀﾝﾀﾞｰﾄﾞ,サービス業
3711,創通,JASDAQｽﾀﾝﾀﾞｰﾄﾞ,サービス業
3719,ジェクシード,JASDAQｽﾀﾝﾀﾞｰﾄﾞ,サービス業
3733,ソフトウェア・サービス,JASDAQｽﾀﾝﾀﾞｰﾄﾞ,サービス業
3754,エキサイト,JASDAQｽﾀﾝﾀﾞｰﾄﾞ,サービス業
3758,アエリア,JASDAQｽﾀﾝﾀﾞｰﾄﾞ,サービス業
3760,ケイブ,JASDAQｽﾀﾝﾀﾞｰﾄﾞ,サービス業
3766,システムズ・デザイン,JASDAQｽﾀﾝﾀﾞｰﾄﾞ,サービス業
3776,ブロードバンドタワー,JASDAQｽﾀﾝﾀﾞｰﾄﾞ,サービス業
3777,ジオネクスト,JASDAQｸﾞﾛｰｽ,サービス業
3779,ジェイ・エスコムホールディングス,JASDAQｽﾀﾝﾀﾞｰﾄﾞ,サービス業
3791,ＩＧポート,JASDAQｽﾀﾝﾀﾞｰﾄﾞ,サービス業
3798,ＵＬＳグループ,JASDAQｽﾀﾝﾀﾞｰﾄﾞ,サービス業
3800,ユニリタ,JASDAQｽﾀﾝﾀﾞｰﾄﾞ,サービス業
3803,イメージ情報開発,JASDAQｸﾞﾛｰｽ,サービス業
3804,システム　ディ,JASDAQｽﾀﾝﾀﾞｰﾄﾞ,サービス業
3807,フィスコ,JASDAQｸﾞﾛｰｽ,サービス業
3814,アルファクス・フード・システム,JASDAQｸﾞﾛｰｽ,サービス業
3816,大和コンピューター,JASDAQｽﾀﾝﾀﾞｰﾄﾞ,サービス業
3836,アバント,JASDAQｸﾞﾛｰｽ,サービス業
3839,ＯＤＫソリューションズ,JASDAQｽﾀﾝﾀﾞｰﾄﾞ,サービス業
3841,ジーダット,JASDAQｽﾀﾝﾀﾞｰﾄﾞ,サービス業
3842,ネクストジェン,JASDAQｸﾞﾛｰｽ,サービス業
3845,アイフリークモバイル,JASDAQｽﾀﾝﾀﾞｰﾄﾞ,サービス業
3847,パシフィックシステム,JASDAQｽﾀﾝﾀﾞｰﾄﾞ,サービス業
3848,データ・アプリケーション,JASDAQｽﾀﾝﾀﾞｰﾄﾞ,サービス業
3851,日本一ソフトウェア,JASDAQｽﾀﾝﾀﾞｰﾄﾞ,サービス業
3854,アイル,JASDAQｸﾞﾛｰｽ,サービス業
3857,ラック,JASDAQｽﾀﾝﾀﾞｰﾄﾞ,サービス業
3858,ユビキタス,JASDAQｽﾀﾝﾀﾞｰﾄﾞ,サービス業
3891,ニッポン高度紙工業,JASDAQｽﾀﾝﾀﾞｰﾄﾞ,パルプ・紙
3892,岡山製紙,JASDAQｽﾀﾝﾀﾞｰﾄﾞ,パルプ・紙
3895,ハビックス,JASDAQｽﾀﾝﾀﾞｰﾄﾞ,パルプ・紙
3901,マークラインズ,JASDAQｽﾀﾝﾀﾞｰﾄﾞ,サービス業
3910,エムケイシステム,JASDAQｽﾀﾝﾀﾞｰﾄﾞ,サービス業
3933,チエル,JASDAQｽﾀﾝﾀﾞｰﾄﾞ,サービス業
3940,ノムラシステムコーポレーション,JASDAQｽﾀﾝﾀﾞｰﾄﾞ,サービス業
3948,光ビジネスフォーム,JASDAQｽﾀﾝﾀﾞｰﾄﾞ,その他製造業
3953,大村紙業,JASDAQｽﾀﾝﾀﾞｰﾄﾞ,パルプ・紙
3954,昭和パックス,JASDAQｽﾀﾝﾀﾞｰﾄﾞ,パルプ・紙
3956,国際チャート,JASDAQｽﾀﾝﾀﾞｰﾄﾞ,パルプ・紙
3965,キャピタル・アセット・プランニング,JASDAQｽﾀﾝﾀﾞｰﾄﾞ,サービス業
3968,セグエグループ,JASDAQｽﾀﾝﾀﾞｰﾄﾞ,サービス業
3974,ティビィシィ・スキヤツト,JASDAQｽﾀﾝﾀﾞｰﾄﾞ,サービス業
3988,ＳＹＳホールディングス,JASDAQｽﾀﾝﾀﾞｰﾄﾞ,サービス業
4080,田中化学研究所,JASDAQｽﾀﾝﾀﾞｰﾄﾞ,化学工業
4234,サンエー化研,JASDAQｽﾀﾝﾀﾞｰﾄﾞ,化学工業
4235,第一化成,JASDAQｽﾀﾝﾀﾞｰﾄﾞ,化学工業
4237,フジプレアム,JASDAQｽﾀﾝﾀﾞｰﾄﾞ,化学工業
4239,ポラテクノ,JASDAQｽﾀﾝﾀﾞｰﾄﾞ,化学工業
4240,クラスターテクノロジー,JASDAQｸﾞﾛｰｽ,化学工業
4241,アテクト,JASDAQｽﾀﾝﾀﾞｰﾄﾞ,化学工業
4242,タカギセイコー,JASDAQｽﾀﾝﾀﾞｰﾄﾞ,化学工業
4243,ニックス,JASDAQｽﾀﾝﾀﾞｰﾄﾞ,化学工業
4274,細谷火工,JASDAQｽﾀﾝﾀﾞｰﾄﾞ,化学工業
4287,ジャストプランニング,JASDAQｽﾀﾝﾀﾞｰﾄﾞ,サービス業
4288,アズジェント,JASDAQｽﾀﾝﾀﾞｰﾄﾞ,サービス業
4293,セプテーニ・ホールディングス,JASDAQｽﾀﾝﾀﾞｰﾄﾞ,サービス業
4298,プロトコーポレーション,JASDAQｽﾀﾝﾀﾞｰﾄﾞ,サービス業
4304,Ｅストアー,JASDAQｽﾀﾝﾀﾞｰﾄﾞ,サービス業
4316,ビーマップ,JASDAQｸﾞﾛｰｽ,サービス業
4317,レイ,JASDAQｽﾀﾝﾀﾞｰﾄﾞ,サービス業
4327,日本エス・エイチ・エル,JASDAQｽﾀﾝﾀﾞｰﾄﾞ,サービス業
4334,ユークス,JASDAQｽﾀﾝﾀﾞｰﾄﾞ,サービス業
4335,アイ・ピー・エス,JASDAQｽﾀﾝﾀﾞｰﾄﾞ,サービス業
4336,クリエアナブキ,JASDAQｽﾀﾝﾀﾞｰﾄﾞ,サービス業
4347,ブロードメディア,JASDAQｽﾀﾝﾀﾞｰﾄﾞ,サービス業
4348,インフォコム,JASDAQｽﾀﾝﾀﾞｰﾄﾞ,サービス業
4351,山田債権回収管理総合事務所,JASDAQｽﾀﾝﾀﾞｰﾄﾞ,その他金融
4355,ロングライフホールディング,JASDAQｽﾀﾝﾀﾞｰﾄﾞ,サービス業
4356,応用技術,JASDAQｽﾀﾝﾀﾞｰﾄﾞ,サービス業
4365,松本油脂製薬,JASDAQｽﾀﾝﾀﾞｰﾄﾞ,化学工業
4369,トリケミカル研究所,JASDAQｽﾀﾝﾀﾞｰﾄﾞ,化学工業
4556,カイノス,JASDAQｽﾀﾝﾀﾞｰﾄﾞ,医薬品
4557,医学生物学研究所,JASDAQｽﾀﾝﾀﾞｰﾄﾞ,医薬品
4558,中京医薬品,JASDAQｽﾀﾝﾀﾞｰﾄﾞ,医薬品
4570,免疫生物研究所,JASDAQｸﾞﾛｰｽ,医薬品
4572,カルナバイオサイエンス,JASDAQｸﾞﾛｰｽ,医薬品
4576,デ・ウエスタン・セラピテクス研究所,JASDAQｸﾞﾛｰｽ,医薬品
4579,ラクオリア創薬,JASDAQｸﾞﾛｰｽ,医薬品
4582,シンバイオ製薬,JASDAQｸﾞﾛｰｽ,医薬品
4595,ミズホメディー,JASDAQｽﾀﾝﾀﾞｰﾄﾞ,医薬品
4625,アトミクス,JASDAQｽﾀﾝﾀﾞｰﾄﾞ,化学工業
4627,ナトコ,JASDAQｽﾀﾝﾀﾞｰﾄﾞ,化学工業
4628,エスケー化研,JASDAQｽﾀﾝﾀﾞｰﾄﾞ,化学工業
4629,大伸化学,JASDAQｽﾀﾝﾀﾞｰﾄﾞ,化学工業
4640,アンドール,JASDAQｽﾀﾝﾀﾞｰﾄﾞ,サービス業
4644,イマジニア,JASDAQｽﾀﾝﾀﾞｰﾄﾞ,サービス業
4645,市進ホールディングス,JASDAQｽﾀﾝﾀﾞｰﾄﾞ,サービス業
4650,ＳＤエンターテイメント,JASDAQｽﾀﾝﾀﾞｰﾄﾞ,サービス業
4656,サン・ライフ,JASDAQｽﾀﾝﾀﾞｰﾄﾞ,サービス業
4657,環境管理センター,JASDAQｽﾀﾝﾀﾞｰﾄﾞ,サービス業
4659,エイジス,JASDAQｽﾀﾝﾀﾞｰﾄﾞ,サービス業
4664,アール・エス・シー,JASDAQｽﾀﾝﾀﾞｰﾄﾞ,サービス業
4667,アイサンテクノロジー,JASDAQｽﾀﾝﾀﾞｰﾄﾞ,サービス業
4669,ニッパンレンタル,JASDAQｽﾀﾝﾀﾞｰﾄﾞ,サービス業
4673,川崎地質,JASDAQｽﾀﾝﾀﾞｰﾄﾞ,サービス業
4685,菱友システムズ,JASDAQｽﾀﾝﾀﾞｰﾄﾞ,サービス業
4690,日本パレットプール,JASDAQｽﾀﾝﾀﾞｰﾄﾞ,サービス業
4699,ウチダエスコ,JASDAQｽﾀﾝﾀﾞｰﾄﾞ,サービス業
4705,クリップコーポレーション,JASDAQｽﾀﾝﾀﾞｰﾄﾞ,サービス業
4707,キタック,JASDAQｽﾀﾝﾀﾞｰﾄﾞ,サービス業
4712,アドアーズ,JASDAQｽﾀﾝﾀﾞｰﾄﾞ,サービス業
4720,城南進学研究社,JASDAQｽﾀﾝﾀﾞｰﾄﾞ,サービス業
4734,ビーイング,JASDAQｽﾀﾝﾀﾞｰﾄﾞ,サービス業
4736,日本ラッド,JASDAQｽﾀﾝﾀﾞｰﾄﾞ,サービス業
4748,構造計画研究所,JASDAQｽﾀﾝﾀﾞｰﾄﾞ,サービス業
4752,昭和システムエンジニアリング,JASDAQｽﾀﾝﾀﾞｰﾄﾞ,サービス業
4754,トスネット,JASDAQｽﾀﾝﾀﾞｰﾄﾞ,サービス業
4760,アルファ,JASDAQｽﾀﾝﾀﾞｰﾄﾞ,サービス業
4764,ＳＡＭＵＲＡＩ＆Ｊ　ＰＡＲＴＮＥＲＳ,JASDAQｸﾞﾛｰｽ,サービス業
4765,モーニングスター,JASDAQｽﾀﾝﾀﾞｰﾄﾞ,サービス業
4769,インフォメーションクリエーティブ,JASDAQｽﾀﾝﾀﾞｰﾄﾞ,サービス業
4771,エフアンドエム,JASDAQｽﾀﾝﾀﾞｰﾄﾞ,サービス業
4772,デジタルアドベンチャー,JASDAQｸﾞﾛｰｽ,サービス業
4777,ガーラ,JASDAQｽﾀﾝﾀﾞｰﾄﾞ,サービス業
4783,日本コンピュータ・ダイナミクス,JASDAQｽﾀﾝﾀﾞｰﾄﾞ,サービス業
4784,ＧＭＯアドパートナーズ,JASDAQｽﾀﾝﾀﾞｰﾄﾞ,サービス業
4792,山田コンサルティンググループ,JASDAQｽﾀﾝﾀﾞｰﾄﾞ,サービス業
4793,富士通ビー・エス・シー,JASDAQｽﾀﾝﾀﾞｰﾄﾞ,サービス業
4800,オリコン,JASDAQｽﾀﾝﾀﾞｰﾄﾞ,サービス業
4814,ネクストウェア,JASDAQｽﾀﾝﾀﾞｰﾄﾞ,サービス業
4816,東映アニメーション,JASDAQｽﾀﾝﾀﾞｰﾄﾞ,サービス業
4833,ぱど,JASDAQｸﾞﾛｰｽ,サービス業
4837,シダックス,JASDAQｽﾀﾝﾀﾞｰﾄﾞ,サービス業
4838,スペースシャワーネットワーク,JASDAQｽﾀﾝﾀﾞｰﾄﾞ,サービス業
4840,トライアイズ,JASDAQｸﾞﾛｰｽ,サービス業
4847,インテリジェント　ウェイブ,JASDAQｽﾀﾝﾀﾞｰﾄﾞ,サービス業
4849,エン・ジャパン,JASDAQｽﾀﾝﾀﾞｰﾄﾞ,サービス業
4875,メディシノバ・インク,JASDAQｽﾀﾝﾀﾞｰﾄﾞ外国株,医薬品
4918,アイビー化粧品,JASDAQｽﾀﾝﾀﾞｰﾄﾞ,化学工業
4920,日本色材工業研究所,JASDAQｽﾀﾝﾀﾞｰﾄﾞ,化学工業
4925,ハーバー研究所,JASDAQｽﾀﾝﾀﾞｰﾄﾞ,化学工業
4965,曽田香料,JASDAQｽﾀﾝﾀﾞｰﾄﾞ,化学工業
4970,東洋合成工業,JASDAQｽﾀﾝﾀﾞｰﾄﾞ,化学工業
4972,綜研化学,JASDAQｽﾀﾝﾀﾞｰﾄﾞ,化学工業
4976,東洋ドライルーブ,JASDAQｽﾀﾝﾀﾞｰﾄﾞ,化学工業
4978,リプロセル,JASDAQｸﾞﾛｰｽ,化学工業
5162,朝日ラバー,JASDAQｽﾀﾝﾀﾞｰﾄﾞ,ゴム
5199,不二ラテックス,JASDAQｽﾀﾝﾀﾞｰﾄﾞ,ゴム
5212,不二硝子,JASDAQｽﾀﾝﾀﾞｰﾄﾞ,窯業
5216,倉元製作所,JASDAQｽﾀﾝﾀﾞｰﾄﾞ,窯業
5217,テクノクオーツ,JASDAQｽﾀﾝﾀﾞｰﾄﾞ,窯業
5277,スパンクリートコーポレーション,JASDAQｽﾀﾝﾀﾞｰﾄﾞ,窯業
5279,日本興業,JASDAQｽﾀﾝﾀﾞｰﾄﾞ,窯業
5280,ヨシコン,JASDAQｽﾀﾝﾀﾞｰﾄﾞ,不動産
5283,高見澤,JASDAQｽﾀﾝﾀﾞｰﾄﾞ,商社
5284,ヤマウ,JASDAQｽﾀﾝﾀﾞｰﾄﾞ,窯業
5285,ヤマックス,JASDAQｽﾀﾝﾀﾞｰﾄﾞ,窯業
5380,新東,JASDAQｽﾀﾝﾀﾞｰﾄﾞ,窯業
5381,Ｍｉｐｏｘ,JASDAQｽﾀﾝﾀﾞｰﾄﾞ,窯業
5387,チヨダウーテ,JASDAQｽﾀﾝﾀﾞｰﾄﾞ,窯業
5456,朝日工業,JASDAQｽﾀﾝﾀﾞｰﾄﾞ,鉄鋼業
5484,東北特殊鋼,JASDAQｽﾀﾝﾀﾞｰﾄﾞ,鉄鋼業
5542,新報国製鉄,JASDAQｽﾀﾝﾀﾞｰﾄﾞ,鉄鋼業
5695,パウダーテック,JASDAQｽﾀﾝﾀﾞｰﾄﾞ,鉄鋼業
5724,アサカ理研,JASDAQｽﾀﾝﾀﾞｰﾄﾞ,非鉄金属及び金属製品
5742,エヌアイシ・オートテック,JASDAQｽﾀﾝﾀﾞｰﾄﾞ,非鉄金属及び金属製品
5758,ＦＣＭ,JASDAQｽﾀﾝﾀﾞｰﾄﾞ,非鉄金属及び金属製品
5820,三ッ星,JASDAQｽﾀﾝﾀﾞｰﾄﾞ,非鉄金属及び金属製品
5900,ダイケン,JASDAQｽﾀﾝﾀﾞｰﾄﾞ,非鉄金属及び金属製品
5903,シンポ,JASDAQｽﾀﾝﾀﾞｰﾄﾞ,非鉄金属及び金属製品
5906,エムケー精工,JASDAQｽﾀﾝﾀﾞｰﾄﾞ,その他製造業
5935,元旦ビューティ工業,JASDAQｽﾀﾝﾀﾞｰﾄﾞ,非鉄金属及び金属製品
5939,大谷工業,JASDAQｽﾀﾝﾀﾞｰﾄﾞ,非鉄金属及び金属製品
5945,天龍製鋸,JASDAQｽﾀﾝﾀﾞｰﾄﾞ,非鉄金属及び金属製品
5971,共和工業所,JASDAQｽﾀﾝﾀﾞｰﾄﾞ,非鉄金属及び金属製品
5983,イワブチ,JASDAQｽﾀﾝﾀﾞｰﾄﾞ,非鉄金属及び金属製品
5987,オーネックス,JASDAQｽﾀﾝﾀﾞｰﾄﾞ,非鉄金属及び金属製品
5990,スーパーツール,JASDAQｽﾀﾝﾀﾞｰﾄﾞ,非鉄金属及び金属製品
5997,協立エアテック,JASDAQｽﾀﾝﾀﾞｰﾄﾞ,機械
5999,イハラサイエンス,JASDAQｽﾀﾝﾀﾞｰﾄﾞ,非鉄金属及び金属製品
6060,こころネット,JASDAQｽﾀﾝﾀﾞｰﾄﾞ,サービス業
6061,ユニバーサル園芸社,JASDAQｽﾀﾝﾀﾞｰﾄﾞ,サービス業
6062,チャーム・ケア・コーポレーション,JASDAQｽﾀﾝﾀﾞｰﾄﾞ,サービス業
6063,日本エマージェンシーアシスタンス,JASDAQｽﾀﾝﾀﾞｰﾄﾞ,サービス業
6074,ジェイエスエス,JASDAQｽﾀﾝﾀﾞｰﾄﾞ,サービス業
6145,日特エンジニアリング,JASDAQｽﾀﾝﾀﾞｰﾄﾞ,機械
6147,ヤマザキ,JASDAQｽﾀﾝﾀﾞｰﾄﾞ,機械
6149,小田原エンジニアリング,JASDAQｽﾀﾝﾀﾞｰﾄﾞ,機械
6150,タケダ機械,JASDAQｽﾀﾝﾀﾞｰﾄﾞ,機械
6156,エーワン精密,JASDAQｽﾀﾝﾀﾞｰﾄﾞ,機械
6158,和井田製作所,JASDAQｽﾀﾝﾀﾞｰﾄﾞ,機械
6159,ミクロン精密,JASDAQｽﾀﾝﾀﾞｰﾄﾞ,機械
6164,太陽工機,JASDAQｽﾀﾝﾀﾞｰﾄﾞ,機械
6175,ネットマーケティング,JASDAQｽﾀﾝﾀﾞｰﾄﾞ,サービス業
6188,富士ソフトサービスビューロ,JASDAQｽﾀﾝﾀﾞｰﾄﾞ,サービス業
6239,ナガオカ,JASDAQｽﾀﾝﾀﾞｰﾄﾞ,機械
6248,横田製作所,JASDAQｽﾀﾝﾀﾞｰﾄﾞ,機械
6249,ゲームカード・ジョイコホールディングス,JASDAQｽﾀﾝﾀﾞｰﾄﾞ,機械
6254,野村マイクロ・サイエンス,JASDAQｽﾀﾝﾀﾞｰﾄﾞ,機械
6256,ニューフレアテクノロジー,JASDAQｽﾀﾝﾀﾞｰﾄﾞ,機械
6257,藤商事,JASDAQｽﾀﾝﾀﾞｰﾄﾞ,機械
6265,妙徳,JASDAQｽﾀﾝﾀﾞｰﾄﾞ,機械
6266,タツモ,JASDAQｽﾀﾝﾀﾞｰﾄﾞ,機械
6267,ゼネラルパッカー,JASDAQｽﾀﾝﾀﾞｰﾄﾞ,機械
6276,ナビタス,JASDAQｽﾀﾝﾀﾞｰﾄﾞ,機械
6281,前田製作所,JASDAQｽﾀﾝﾀﾞｰﾄﾞ,機械
6286,靜甲,JASDAQｽﾀﾝﾀﾞｰﾄﾞ,機械
6297,鉱研工業,JASDAQｽﾀﾝﾀﾞｰﾄﾞ,機械
6312,フロイント産業,JASDAQｽﾀﾝﾀﾞｰﾄﾞ,機械
6314,石井工作研究所,JASDAQｽﾀﾝﾀﾞｰﾄﾞ,機械
6324,ハーモニック・ドライブ・システムズ,JASDAQｽﾀﾝﾀﾞｰﾄﾞ,機械
6327,北川精機,JASDAQｽﾀﾝﾀﾞｰﾄﾞ,機械
6337,テセック,JASDAQｽﾀﾝﾀﾞｰﾄﾞ,機械
6347,プラコー,JASDAQｽﾀﾝﾀﾞｰﾄﾞ,機械
6384,昭和真空,JASDAQｽﾀﾝﾀﾞｰﾄﾞ,機械
6400,不二精機,JASDAQｽﾀﾝﾀﾞｰﾄﾞ,機械
6403,水道機工,JASDAQｽﾀﾝﾀﾞｰﾄﾞ,機械
6405,鈴茂器工,JASDAQｽﾀﾝﾀﾞｰﾄﾞ,機械
6408,小倉クラッチ,JASDAQｽﾀﾝﾀﾞｰﾄﾞ,機械
6411,中野冷機,JASDAQｽﾀﾝﾀﾞｰﾄﾞ,機械
6414,川重冷熱工業,JASDAQｽﾀﾝﾀﾞｰﾄﾞ,機械
6416,桂川電機,JASDAQｽﾀﾝﾀﾞｰﾄﾞ,機械
6424,高見沢サイバネティックス,JASDAQｽﾀﾝﾀﾞｰﾄﾞ,機械
6425,ユニバーサルエンターテインメント,JASDAQｽﾀﾝﾀﾞｰﾄﾞ,機械
6433,ヒーハイスト精工,JASDAQｽﾀﾝﾀﾞｰﾄﾞ,機械
6467,ニチダイ,JASDAQｽﾀﾝﾀﾞｰﾄﾞ,機械
6469,放電精密加工研究所,JASDAQｽﾀﾝﾀﾞｰﾄﾞ,機械
6484,ＫＶＫ,JASDAQｽﾀﾝﾀﾞｰﾄﾞ,機械
6488,ヨシタケ,JASDAQｽﾀﾝﾀﾞｰﾄﾞ,機械
6494,ＮＦＫホールディングス,JASDAQｽﾀﾝﾀﾞｰﾄﾞ,機械
6497,ハマイ,JASDAQｽﾀﾝﾀﾞｰﾄﾞ,非鉄金属及び金属製品
6518,三相電機,JASDAQｽﾀﾝﾀﾞｰﾄﾞ,電気機器
6542,ＦＣホールディングス,JASDAQｽﾀﾝﾀﾞｰﾄﾞ,サービス業
6543,日宣,JASDAQｽﾀﾝﾀﾞｰﾄﾞ,サービス業
6549,ディーエムソリューションズ,JASDAQｽﾀﾝﾀﾞｰﾄﾞ,サービス業
6625,ＪＡＬＣＯホールディングス,JASDAQｽﾀﾝﾀﾞｰﾄﾞ,電気機器
6626,ＳＥＭＩＴＥＣ,JASDAQｽﾀﾝﾀﾞｰﾄﾞ,電気機器
6628,オンキヨー,JASDAQｽﾀﾝﾀﾞｰﾄﾞ,電気機器
6629,テクノホライゾン・ホールディングス,JASDAQｽﾀﾝﾀﾞｰﾄﾞ,電気機器
6633,Ｃ＆Ｇシステムズ,JASDAQｽﾀﾝﾀﾞｰﾄﾞ,電気機器
6634,ネクスグループ,JASDAQｽﾀﾝﾀﾞｰﾄﾞ,電気機器
6635,大日光・エンジニアリング,JASDAQｽﾀﾝﾀﾞｰﾄﾞ,電気機器
6636,ソルガム・ジャパン・ホールディングス,JASDAQｽﾀﾝﾀﾞｰﾄﾞ,電気機器
6637,寺崎電気産業,JASDAQｽﾀﾝﾀﾞｰﾄﾞ,電気機器
6648,かわでん,JASDAQｽﾀﾝﾀﾞｰﾄﾞ,電気機器
6658,シライ電子工業,JASDAQｽﾀﾝﾀﾞｰﾄﾞ,電気機器
6659,メディアリンクス,JASDAQｽﾀﾝﾀﾞｰﾄﾞ,電気機器
6662,ユビテック,JASDAQｽﾀﾝﾀﾞｰﾄﾞ,電気機器
6663,太洋工業,JASDAQｽﾀﾝﾀﾞｰﾄﾞ,電気機器
6664,オプトエレクトロニクス,JASDAQｽﾀﾝﾀﾞｰﾄﾞ,電気機器
6666,リバーエレテック,JASDAQｽﾀﾝﾀﾞｰﾄﾞ,電気機器
6669,シーシーエス,JASDAQｽﾀﾝﾀﾞｰﾄﾞ,電気機器
6677,エスケーエレクトロニクス,JASDAQｽﾀﾝﾀﾞｰﾄﾞ,電気機器
6694,ズーム,JASDAQｽﾀﾝﾀﾞｰﾄﾞ,電気機器
6716,テクニカル電子,JASDAQｽﾀﾝﾀﾞｰﾄﾞ,電気機器
6722,エイアンドティー,JASDAQｽﾀﾝﾀﾞｰﾄﾞ,電気機器
6734,ニューテック,JASDAQｽﾀﾝﾀﾞｰﾄﾞ,電気機器
6736,サン電子,JASDAQｽﾀﾝﾀﾞｰﾄﾞ,電気機器
6757,ＯＳＧコーポレーション,JASDAQｽﾀﾝﾀﾞｰﾄﾞ,電気機器
6769,ザインエレクトロニクス,JASDAQｽﾀﾝﾀﾞｰﾄﾞ,電気機器
6777,ｓａｎｔｅｃ,JASDAQｽﾀﾝﾀﾞｰﾄﾞ,電気機器
6787,メイコー,JASDAQｽﾀﾝﾀﾞｰﾄﾞ,電気機器
6819,伊豆シャボテンリゾート,JASDAQｽﾀﾝﾀﾞｰﾄﾞ,サービス業
6822,大井電気,JASDAQｽﾀﾝﾀﾞｰﾄﾞ,電気機器
6824,新コスモス電機,JASDAQｽﾀﾝﾀﾞｰﾄﾞ,電気機器
6834,精工技研,JASDAQｽﾀﾝﾀﾞｰﾄﾞ,電気機器
6837,京写,JASDAQｽﾀﾝﾀﾞｰﾄﾞ,電気機器
6838,多摩川ホールディングス,JASDAQｽﾀﾝﾀﾞｰﾄﾞ,電気機器
6840,ＡＫＩＢＡホールディングス,JASDAQｽﾀﾝﾀﾞｰﾄﾞ,電気機器
6852,テクノ・セブン,JASDAQｽﾀﾝﾀﾞｰﾄﾞ,電気機器
6862,ミナトホールディングス,JASDAQｽﾀﾝﾀﾞｰﾄﾞ,電気機器
6863,ニレコ,JASDAQｽﾀﾝﾀﾞｰﾄﾞ,電気機器
6864,エヌエフ回路設計ブロック,JASDAQｽﾀﾝﾀﾞｰﾄﾞ,電気機器
6867,リーダー電子,JASDAQｽﾀﾝﾀﾞｰﾄﾞ,電気機器
6874,協立電機,JASDAQｽﾀﾝﾀﾞｰﾄﾞ,電気機器
6888,アクモス,JASDAQｽﾀﾝﾀﾞｰﾄﾞ,サービス業
6889,オーデリック,JASDAQｽﾀﾝﾀﾞｰﾄﾞ,電気機器
6890,フェローテックホールディングス,JASDAQｽﾀﾝﾀﾞｰﾄﾞ,電気機器
6898,トミタ電機,JASDAQｽﾀﾝﾀﾞｰﾄﾞ,電気機器
6904,原田工業,JASDAQｽﾀﾝﾀﾞｰﾄﾞ,電気機器
6907,ジオマテック,JASDAQｽﾀﾝﾀﾞｰﾄﾞ,電気機器
6912,菊水電子工業,JASDAQｽﾀﾝﾀﾞｰﾄﾞ,電気機器
6918,アバールデータ,JASDAQｽﾀﾝﾀﾞｰﾄﾞ,電気機器
6919,ケル,JASDAQｽﾀﾝﾀﾞｰﾄﾞ,電気機器
6928,エノモト,JASDAQｽﾀﾝﾀﾞｰﾄﾞ,電気機器
6930,日本アンテナ,JASDAQｽﾀﾝﾀﾞｰﾄﾞ,電気機器
6942,ソフィアホールディングス,JASDAQｽﾀﾝﾀﾞｰﾄﾞ,サービス業
6943,ＮＫＫスイッチズ,JASDAQｽﾀﾝﾀﾞｰﾄﾞ,電気機器
6944,アイレックス,JASDAQｽﾀﾝﾀﾞｰﾄﾞ,サービス業
6957,芝浦電子,JASDAQｽﾀﾝﾀﾞｰﾄﾞ,電気機器
6960,フクダ電子,JASDAQｽﾀﾝﾀﾞｰﾄﾞ,電気機器
7162,アストマックス,JASDAQｽﾀﾝﾀﾞｰﾄﾞ,その他金融
7169,ニュートン・フィナンシャル・コンサルティ,JASDAQｽﾀﾝﾀﾞｰﾄﾞ,サービス業
7175,今村証券,JASDAQｽﾀﾝﾀﾞｰﾄﾞ,証券
7177,ＧＭＯクリックホールディングス,JASDAQｽﾀﾝﾀﾞｰﾄﾞ,証券
7185,ヒロセ通商,JASDAQｽﾀﾝﾀﾞｰﾄﾞ,その他金融
7192,日本モーゲージサービス,JASDAQｽﾀﾝﾀﾞｰﾄﾞ,その他金融
7217,テイン,JASDAQｽﾀﾝﾀﾞｰﾄﾞ,自動車・自動車部品
7218,田中精密工業,JASDAQｽﾀﾝﾀﾞｰﾄﾞ,自動車・自動車部品
7219,エッチ・ケー・エス,JASDAQｽﾀﾝﾀﾞｰﾄﾞ,自動車・自動車部品
7228,デイトナ,JASDAQｽﾀﾝﾀﾞｰﾄﾞ,自動車・自動車部品
7229,ユタカ技研,JASDAQｽﾀﾝﾀﾞｰﾄﾞ,自動車・自動車部品
7255,桜井製作所,JASDAQｽﾀﾝﾀﾞｰﾄﾞ,自動車・自動車部品
7264,ムロコーポレーション,JASDAQｽﾀﾝﾀﾞｰﾄﾞ,自動車・自動車部品
7265,エイケン工業,JASDAQｽﾀﾝﾀﾞｰﾄﾞ,自動車・自動車部品
7268,タツミ,JASDAQｽﾀﾝﾀﾞｰﾄﾞ,その他輸送機器
7297,カーメイト,JASDAQｽﾀﾝﾀﾞｰﾄﾞ,その他製造業
7298,八千代工業,JASDAQｽﾀﾝﾀﾞｰﾄﾞ,自動車・自動車部品
7314,小田原機器,JASDAQｽﾀﾝﾀﾞｰﾄﾞ,自動車・自動車部品
7399,ナンシン,JASDAQｽﾀﾝﾀﾞｰﾄﾞ,その他輸送機器
7413,創健社,JASDAQｽﾀﾝﾀﾞｰﾄﾞ,商社
7422,東邦レマック,JASDAQｽﾀﾝﾀﾞｰﾄﾞ,商社
7425,初穂商事,JASDAQｽﾀﾝﾀﾞｰﾄﾞ,商社
7426,山大,JASDAQｽﾀﾝﾀﾞｰﾄﾞ,商社
7434,オータケ,JASDAQｽﾀﾝﾀﾞｰﾄﾞ,商社
7435,ナ・デックス,JASDAQｽﾀﾝﾀﾞｰﾄﾞ,商社
7443,横浜魚類,JASDAQｽﾀﾝﾀﾞｰﾄﾞ,商社
7446,東北化学薬品,JASDAQｽﾀﾝﾀﾞｰﾄﾞ,商社
7450,サンデー,JASDAQｽﾀﾝﾀﾞｰﾄﾞ,小売業
7461,キムラ,JASDAQｽﾀﾝﾀﾞｰﾄﾞ,商社
7462,ダイヤ通商,JASDAQｽﾀﾝﾀﾞｰﾄﾞ,小売業
7464,セフテック,JASDAQｽﾀﾝﾀﾞｰﾄﾞ,商社
7465,マックスバリュ北海道,JASDAQｽﾀﾝﾀﾞｰﾄﾞ,小売業
7472,鳥羽洋行,JASDAQｽﾀﾝﾀﾞｰﾄﾞ,商社
7477,ムラキ,JASDAQｽﾀﾝﾀﾞｰﾄﾞ,商社
7486,サンリン,JASDAQｽﾀﾝﾀﾞｰﾄﾞ,商社
7500,西川計測,JASDAQｽﾀﾝﾀﾞｰﾄﾞ,商社
7501,ティムコ,JASDAQｽﾀﾝﾀﾞｰﾄﾞ,商社
7502,プラザクリエイト,JASDAQｽﾀﾝﾀﾞｰﾄﾞ,サービス業
7509,アイエーグループ,JASDAQｽﾀﾝﾀﾞｰﾄﾞ,小売業
7519,五洋インテックス,JASDAQｽﾀﾝﾀﾞｰﾄﾞ,商社
7521,ムサシ,JASDAQｽﾀﾝﾀﾞｰﾄﾞ,商社
7523,アールビバン,JASDAQｽﾀﾝﾀﾞｰﾄﾞ,小売業
7531,清和中央ホールディングス,JASDAQｽﾀﾝﾀﾞｰﾄﾞ,商社
7539,アイナボホールディングス,JASDAQｽﾀﾝﾀﾞｰﾄﾞ,商社
7551,ウェッズ,JASDAQｽﾀﾝﾀﾞｰﾄﾞ,自動車・自動車部品
7555,大田花き,JASDAQｽﾀﾝﾀﾞｰﾄﾞ,商社
7559,ジーエフシー,JASDAQｽﾀﾝﾀﾞｰﾄﾞ,商社
7564,ワークマン,JASDAQｽﾀﾝﾀﾞｰﾄﾞ,小売業
7567,栄電子,JASDAQｽﾀﾝﾀﾞｰﾄﾞ,商社
7571,ヤマノホールディングス,JASDAQｽﾀﾝﾀﾞｰﾄﾞ,小売業
7577,パスポート,JASDAQｽﾀﾝﾀﾞｰﾄﾞ,小売業
7578,ニチリョク,JASDAQｽﾀﾝﾀﾞｰﾄﾞ,小売業
7585,かんなん丸,JASDAQｽﾀﾝﾀﾞｰﾄﾞ,サービス業
7590,タカショー,JASDAQｽﾀﾝﾀﾞｰﾄﾞ,商社
7597,東京貴宝,JASDAQｽﾀﾝﾀﾞｰﾄﾞ,商社
7603,マックハウス,JASDAQｽﾀﾝﾀﾞｰﾄﾞ,小売業
7610,テイツー,JASDAQｽﾀﾝﾀﾞｰﾄﾞ,小売業
7612,Ｎｕｔｓ,JASDAQｽﾀﾝﾀﾞｰﾄﾞ,商社
7614,オーエムツーネットワーク,JASDAQｽﾀﾝﾀﾞｰﾄﾞ,小売業
7621,うかい,JASDAQｽﾀﾝﾀﾞｰﾄﾞ,サービス業
7623,サンオータス,JASDAQｽﾀﾝﾀﾞｰﾄﾞ,小売業
7624,ＮａＩＴＯ,JASDAQｽﾀﾝﾀﾞｰﾄﾞ,商社
7634,星医療酸器,JASDAQｽﾀﾝﾀﾞｰﾄﾞ,商社
7635,杉田エース,JASDAQｽﾀﾝﾀﾞｰﾄﾞ,商社
7636,ハンズマン,JASDAQｽﾀﾝﾀﾞｰﾄﾞ,小売業
7638,ＮＥＷ　ＡＲＴ,JASDAQｽﾀﾝﾀﾞｰﾄﾞ,小売業
7643,ダイイチ,JASDAQｽﾀﾝﾀﾞｰﾄﾞ,小売業
7711,助川電気工業,JASDAQｽﾀﾝﾀﾞｰﾄﾞ,電気機器
7713,シグマ光機,JASDAQｽﾀﾝﾀﾞｰﾄﾞ,精密機器
7716,ナカニシ,JASDAQｽﾀﾝﾀﾞｰﾄﾞ,精密機器
7722,国際計測器,JASDAQｽﾀﾝﾀﾞｰﾄﾞ,精密機器
7746,岡本硝子,JASDAQｽﾀﾝﾀﾞｰﾄﾞ,精密機器
7748,ホロン,JASDAQｽﾀﾝﾀﾞｰﾄﾞ,精密機器
7749,メディキット,JASDAQｽﾀﾝﾀﾞｰﾄﾞ,精密機器
7760,ＩＭＶ,JASDAQｽﾀﾝﾀﾞｰﾄﾞ,精密機器
7771,日本精密,JASDAQｽﾀﾝﾀﾞｰﾄﾞ,精密機器
7774,ジャパン・ティッシュ・エンジニアリング,JASDAQｸﾞﾛｰｽ,精密機器
7776,セルシード,JASDAQｸﾞﾛｰｽ,精密機器
7777,スリー・ディー・マトリックス,JASDAQｸﾞﾛｰｽ,精密機器
7781,平山ホールディングス,JASDAQｽﾀﾝﾀﾞｰﾄﾞ,精密機器
7810,クロスフォー,JASDAQｽﾀﾝﾀﾞｰﾄﾞ,その他製造業
7812,クレステック,JASDAQｽﾀﾝﾀﾞｰﾄﾞ,その他製造業
7814,日本創発グループ,JASDAQｽﾀﾝﾀﾞｰﾄﾞ,その他製造業
7826,フルヤ金属,JASDAQｽﾀﾝﾀﾞｰﾄﾞ,非鉄金属及び金属製品
7827,オービス,JASDAQｽﾀﾝﾀﾞｰﾄﾞ,その他製造業
7834,マルマン,JASDAQｽﾀﾝﾀﾞｰﾄﾞ,その他製造業
7836,アビックス,JASDAQｽﾀﾝﾀﾞｰﾄﾞ,その他製造業
7837,アールシーコア,JASDAQｽﾀﾝﾀﾞｰﾄﾞ,その他製造業
7841,遠藤製作所,JASDAQｽﾀﾝﾀﾞｰﾄﾞ,その他製造業
7847,グラファイトデザイン,JASDAQｽﾀﾝﾀﾞｰﾄﾞ,その他製造業
7849,スターツ出版,JASDAQｽﾀﾝﾀﾞｰﾄﾞ,サービス業
7850,総合商研,JASDAQｽﾀﾝﾀﾞｰﾄﾞ,その他製造業
7855,カーディナル,JASDAQｸﾞﾛｰｽ,その他製造業
7857,セキ,JASDAQｽﾀﾝﾀﾞｰﾄﾞ,その他製造業
7863,平賀,JASDAQｽﾀﾝﾀﾞｰﾄﾞ,その他製造業
7865,ピープル,JASDAQｽﾀﾝﾀﾞｰﾄﾞ,その他製造業
7869,日本フォームサービス,JASDAQｽﾀﾝﾀﾞｰﾄﾞ,電気機器
7877,永大化工,JASDAQｽﾀﾝﾀﾞｰﾄﾞ,化学工業
7878,光彩工芸,JASDAQｽﾀﾝﾀﾞｰﾄﾞ,その他製造業
7883,サンメッセ,JASDAQｽﾀﾝﾀﾞｰﾄﾞ,その他製造業
7886,ヤマト・インダストリー,JASDAQｽﾀﾝﾀﾞｰﾄﾞ,その他製造業
7888,三光合成,JASDAQｽﾀﾝﾀﾞｰﾄﾞ,化学工業
7889,桑山,JASDAQｽﾀﾝﾀﾞｰﾄﾞ,その他製造業
7891,日本ユピカ,JASDAQｽﾀﾝﾀﾞｰﾄﾞ,化学工業
7895,中央化学,JASDAQｽﾀﾝﾀﾞｰﾄﾞ,化学工業
7899,ＭＩＣＳ化学,JASDAQｽﾀﾝﾀﾞｰﾄﾞ,化学工業
7901,マツモト,JASDAQｽﾀﾝﾀﾞｰﾄﾞ,その他製造業
7902,ソノコム,JASDAQｽﾀﾝﾀﾞｰﾄﾞ,その他製造業
7922,三光産業,JASDAQｽﾀﾝﾀﾞｰﾄﾞ,その他製造業
7923,トーイン,JASDAQｽﾀﾝﾀﾞｰﾄﾞ,パルプ・紙
7927,ムトー精工,JASDAQｽﾀﾝﾀﾞｰﾄﾞ,その他製造業
7928,旭化学工業,JASDAQｽﾀﾝﾀﾞｰﾄﾞ,その他製造業
7932,ニッピ,JASDAQｽﾀﾝﾀﾞｰﾄﾞ,その他製造業
7938,リーガルコーポレーション,JASDAQｽﾀﾝﾀﾞｰﾄﾞ,その他製造業
7939,研創,JASDAQｽﾀﾝﾀﾞｰﾄﾞ,非鉄金属及び金属製品
7963,興研,JASDAQｽﾀﾝﾀﾞｰﾄﾞ,その他製造業
7980,重松製作所,JASDAQｽﾀﾝﾀﾞｰﾄﾞ,その他製造業
7986,日本アイ・エス・ケイ,JASDAQｽﾀﾝﾀﾞｰﾄﾞ,非鉄金属及び金属製品
8045,横浜丸魚,JASDAQｽﾀﾝﾀﾞｰﾄﾞ,商社
8072,日本出版貿易,JASDAQｽﾀﾝﾀﾞｰﾄﾞ,商社
8119,三栄コーポレーション,JASDAQｽﾀﾝﾀﾞｰﾄﾞ,商社
8123,川辺,JASDAQｽﾀﾝﾀﾞｰﾄﾞ,商社
8147,トミタ,JASDAQｽﾀﾝﾀﾞｰﾄﾞ,商社
8186,大塚家具,JASDAQｽﾀﾝﾀﾞｰﾄﾞ,小売業
8191,光製作所,JASDAQｽﾀﾝﾀﾞｰﾄﾞ,商社
8205,シャクリー・グローバル・グループ,JASDAQｽﾀﾝﾀﾞｰﾄﾞ,商社
8208,エンチョー,JASDAQｽﾀﾝﾀﾞｰﾄﾞ,小売業
8215,銀座山形屋,JASDAQｽﾀﾝﾀﾞｰﾄﾞ,小売業
8225,タカチホ,JASDAQｽﾀﾝﾀﾞｰﾄﾞ,商社
8256,プロルート丸光,JASDAQｽﾀﾝﾀﾞｰﾄﾞ,商社
8257,山陽百貨店,JASDAQｽﾀﾝﾀﾞｰﾄﾞ,小売業
8298,ファミリー,JASDAQｽﾀﾝﾀﾞｰﾄﾞ,商社
8301,日本銀行,JASDAQｽﾀﾝﾀﾞｰﾄﾞ,その他金融
8462,フューチャーベンチャーキャピタル,JASDAQｽﾀﾝﾀﾞｰﾄﾞ,その他金融
8699,澤田ホールディングス,JASDAQｽﾀﾝﾀﾞｰﾄﾞ,証券
8700,丸八証券,JASDAQｽﾀﾝﾀﾞｰﾄﾞ,証券
8704,トレイダーズホールディングス,JASDAQｽﾀﾝﾀﾞｰﾄﾞ,証券
8705,岡藤ホールディングス,JASDAQｽﾀﾝﾀﾞｰﾄﾞ,その他金融
8709,インヴァスト証券,JASDAQｽﾀﾝﾀﾞｰﾄﾞ,証券
8739,スパークス・グループ,JASDAQｽﾀﾝﾀﾞｰﾄﾞ,その他金融
8740,フジトミ,JASDAQｽﾀﾝﾀﾞｰﾄﾞ,その他金融
8746,第一商品,JASDAQｽﾀﾝﾀﾞｰﾄﾞ,その他金融
8747,豊商事,JASDAQｽﾀﾝﾀﾞｰﾄﾞ,その他金融
8783,ＧＦＡ,JASDAQｽﾀﾝﾀﾞｰﾄﾞ,その他金融
8787,ＵＣＳ,JASDAQｽﾀﾝﾀﾞｰﾄﾞ,その他金融
8836,ＲＩＳＥ,JASDAQｽﾀﾝﾀﾞｰﾄﾞ,建設
8844,コスモスイニシア,JASDAQｽﾀﾝﾀﾞｰﾄﾞ,不動産
8885,ラ・アトレ,JASDAQｸﾞﾛｰｽ,不動産
8886,ウッドフレンズ,JASDAQｽﾀﾝﾀﾞｰﾄﾞ,不動産
8887,リベレステ,JASDAQｽﾀﾝﾀﾞｰﾄﾞ,不動産
8889,アパマンショップホールディングス,JASDAQｽﾀﾝﾀﾞｰﾄﾞ,不動産
8890,レーサム,JASDAQｽﾀﾝﾀﾞｰﾄﾞ,不動産
8893,新日本建物,JASDAQｽﾀﾝﾀﾞｰﾄﾞ,不動産
8898,センチュリー２１・ジャパン,JASDAQｽﾀﾝﾀﾞｰﾄﾞ,不動産
8903,サンウッド,JASDAQｽﾀﾝﾀﾞｰﾄﾞ,不動産
8908,毎日コムネット,JASDAQｽﾀﾝﾀﾞｰﾄﾞ,不動産
8909,シノケングループ,JASDAQｽﾀﾝﾀﾞｰﾄﾞ,不動産
8927,明豊エンタープライズ,JASDAQｽﾀﾝﾀﾞｰﾄﾞ,不動産
8931,和田興産,JASDAQｽﾀﾝﾀﾞｰﾄﾞ,不動産
8938,ＬＣホールディングス,JASDAQｸﾞﾛｰｽ,不動産
8946,ＡＳＩＡＮ　ＳＴＡＲ,JASDAQｽﾀﾝﾀﾞｰﾄﾞ,不動産
9012,秩父鉄道,JASDAQｽﾀﾝﾀﾞｰﾄﾞ,鉄道・バス
9034,南総通運,JASDAQｽﾀﾝﾀﾞｰﾄﾞ,陸運
9036,東部ネットワーク,JASDAQｽﾀﾝﾀﾞｰﾄﾞ,陸運
9051,センコン物流,JASDAQｽﾀﾝﾀﾞｰﾄﾞ,陸運
9057,遠州トラック,JASDAQｽﾀﾝﾀﾞｰﾄﾞ,陸運
9060,日本ロジテム,JASDAQｽﾀﾝﾀﾞｰﾄﾞ,陸運
9073,京極運輸商事,JASDAQｽﾀﾝﾀﾞｰﾄﾞ,陸運
9087,タカセ,JASDAQｽﾀﾝﾀﾞｰﾄﾞ,倉庫・運輸関連
9133,東栄リーファーライン,JASDAQｽﾀﾝﾀﾞｰﾄﾞ,海運
9176,佐渡汽船,JASDAQｽﾀﾝﾀﾞｰﾄﾞ,海運
9367,大東港運,JASDAQｽﾀﾝﾀﾞｰﾄﾞ,倉庫・運輸関連
9376,ユーラシア旅行社,JASDAQｽﾀﾝﾀﾞｰﾄﾞ,サービス業
9377,エージーピー,JASDAQｽﾀﾝﾀﾞｰﾄﾞ,倉庫・運輸関連
9385,ショーエイコーポレーション,JASDAQｸﾞﾛｰｽ,化学工業
9408,新潟放送,JASDAQｽﾀﾝﾀﾞｰﾄﾞ,通信
9417,スマートバリュー,JASDAQｽﾀﾝﾀﾞｰﾄﾞ,サービス業
9421,エヌジェイホールディングス,JASDAQｽﾀﾝﾀﾞｰﾄﾞ,通信
9423,フォーバル・リアルストレート,JASDAQｽﾀﾝﾀﾞｰﾄﾞ,サービス業
9425,日本テレホン,JASDAQｽﾀﾝﾀﾞｰﾄﾞ,通信
9436,沖縄セルラー電話,JASDAQｽﾀﾝﾀﾞｰﾄﾞ,通信
9439,エム・エイチ・グループ,JASDAQｽﾀﾝﾀﾞｰﾄﾞ,サービス業
9441,ベルパーク,JASDAQｽﾀﾝﾀﾞｰﾄﾞ,通信
9444,トーシン,JASDAQｽﾀﾝﾀﾞｰﾄﾞ,通信
9446,エスケーアイ,JASDAQｽﾀﾝﾀﾞｰﾄﾞ,通信
9476,中央経済社ホールディングス,JASDAQｽﾀﾝﾀﾞｰﾄﾞ,サービス業
9478,ＳＥホールディングス・アンド・インキュベ,JASDAQｽﾀﾝﾀﾞｰﾄﾞ,その他製造業
9610,ウィルソン・ラーニング　ワールドワイド,JASDAQｽﾀﾝﾀﾞｰﾄﾞ,サービス業
9625,セレスポ,JASDAQｽﾀﾝﾀﾞｰﾄﾞ,サービス業
9639,三協フロンテア,JASDAQｽﾀﾝﾀﾞｰﾄﾞ,サービス業
9640,セゾン情報システムズ,JASDAQｽﾀﾝﾀﾞｰﾄﾞ,サービス業
9641,サコス,JASDAQｽﾀﾝﾀﾞｰﾄﾞ,サービス業
9647,協和コンサルタンツ,JASDAQｽﾀﾝﾀﾞｰﾄﾞ,サービス業
9651,日本プロセス,JASDAQｽﾀﾝﾀﾞｰﾄﾞ,サービス業
9679,ホウライ,JASDAQｽﾀﾝﾀﾞｰﾄﾞ,サービス業
9685,ＫＹＣＯＭホールディングス,JASDAQｽﾀﾝﾀﾞｰﾄﾞ,サービス業
9687,ＫＳＫ,JASDAQｽﾀﾝﾀﾞｰﾄﾞ,サービス業
9691,両毛システムズ,JASDAQｽﾀﾝﾀﾞｰﾄﾞ,サービス業
9695,鴨川グランドホテル,JASDAQｽﾀﾝﾀﾞｰﾄﾞ,サービス業
9696,ウィザス,JASDAQｽﾀﾝﾀﾞｰﾄﾞ,サービス業
9698,クレオ,JASDAQｽﾀﾝﾀﾞｰﾄﾞ,サービス業
9707,ユニマット　リタイアメント・コミュニティ,JASDAQｽﾀﾝﾀﾞｰﾄﾞ,サービス業
9720,ホテル、ニューグランド,JASDAQｽﾀﾝﾀﾞｰﾄﾞ,サービス業
9733,ナガセ,JASDAQｽﾀﾝﾀﾞｰﾄﾞ,サービス業
9734,精養軒,JASDAQｽﾀﾝﾀﾞｰﾄﾞ,サービス業
9753,アイエックス・ナレッジ,JASDAQｽﾀﾝﾀﾞｰﾄﾞ,サービス業
9758,ジャパンシステム,JASDAQｽﾀﾝﾀﾞｰﾄﾞ,サービス業
9776,札幌臨床検査センター,JASDAQｽﾀﾝﾀﾞｰﾄﾞ,サービス業
9778,昴,JASDAQｽﾀﾝﾀﾞｰﾄﾞ,サービス業
9780,ハリマビステム,JASDAQｽﾀﾝﾀﾞｰﾄﾞ,サービス業
9782,ディーエムエス,JASDAQｽﾀﾝﾀﾞｰﾄﾞ,サービス業
9812,テーオーホールディングス,JASDAQｽﾀﾝﾀﾞｰﾄﾞ,商社
9816,ストライダーズ,JASDAQｽﾀﾝﾀﾞｰﾄﾞ,不動産
9820,エムティジェネックス,JASDAQｽﾀﾝﾀﾞｰﾄﾞ,建設
9823,マミーマート,JASDAQｽﾀﾝﾀﾞｰﾄﾞ,小売業
9827,リリカラ,JASDAQｽﾀﾝﾀﾞｰﾄﾞ,商社
9829,ながの東急百貨店,JASDAQｽﾀﾝﾀﾞｰﾄﾞ,小売業
9836,リーバイ・ストラウス　ジャパン,JASDAQｽﾀﾝﾀﾞｰﾄﾞ,商社
9849,共同紙販ホールディングス,JASDAQｽﾀﾝﾀﾞｰﾄﾞ,商社
9852,ＣＢグループマネジメント,JASDAQｽﾀﾝﾀﾞｰﾄﾞ,商社
9853,銀座ルノアール,JASDAQｽﾀﾝﾀﾞｰﾄﾞ,サービス業
9867,ソレキア,JASDAQｽﾀﾝﾀﾞｰﾄﾞ,商社
9876,コックス,JASDAQｽﾀﾝﾀﾞｰﾄﾞ,小売業
9888,ＵＥＸ,JASDAQｽﾀﾝﾀﾞｰﾄﾞ,商社
9890,マキヤ,JASDAQｽﾀﾝﾀﾞｰﾄﾞ,小売業
9895,コンセック,JASDAQｽﾀﾝﾀﾞｰﾄﾞ,商社
9903,カンセキ,JASDAQｽﾀﾝﾀﾞｰﾄﾞ,小売業
9906,藤井産業,JASDAQｽﾀﾝﾀﾞｰﾄﾞ,商社
9908,日本電計,JASDAQｽﾀﾝﾀﾞｰﾄﾞ,商社
9909,愛光電気,JASDAQｽﾀﾝﾀﾞｰﾄﾞ,商社
9913,日邦産業,JASDAQｽﾀﾝﾀﾞｰﾄﾞ,商社
9914,植松商会,JASDAQｽﾀﾝﾀﾞｰﾄﾞ,商社
9927,ワットマン,JASDAQｽﾀﾝﾀﾞｰﾄﾞ,小売業
9941,太洋物産,JASDAQｽﾀﾝﾀﾞｰﾄﾞ,商社
9943,ココスジャパン,JASDAQｽﾀﾝﾀﾞｰﾄﾞ,サービス業
9950,ハチバン,JASDAQｽﾀﾝﾀﾞｰﾄﾞ,サービス業
9955,ヨンキュウ,JASDAQｽﾀﾝﾀﾞｰﾄﾞ,商社
9964,アイ・テック,JASDAQｽﾀﾝﾀﾞｰﾄﾞ,商社
9973,小僧寿し,JASDAQｽﾀﾝﾀﾞｰﾄﾞ,商社
9976,セキチュー,JASDAQｽﾀﾝﾀﾞｰﾄﾞ,小売業
9977,アオキスーパー,JASDAQｽﾀﾝﾀﾞｰﾄﾞ,小売業
9978,文教堂グループホールディングス,JASDAQｽﾀﾝﾀﾞｰﾄﾞ,小売業
9992,理研グリーン,JASDAQｽﾀﾝﾀﾞｰﾄﾞ,商社
9996,サトー商会,JASDAQｽﾀﾝﾀﾞｰﾄﾞ,商社
